hypothesis,test,statistic,p_value,effect_size,effect_size_type
H1,Mann-Whitney U,99658422.0,1.99251661450573e-130,0.23474291446591947,Cohen's d
H2,Mann-Whitney U,71378298.5,0.0,0.5620336398540652,Cohen's d
H3,Mann-Whitney U,98684388.5,3.961633461382817e-21,0.03902561113644308,Cohen's d
H4,One-way ANOVA,42.330965689670656,0.0,0.06120495754815173,eta-squared
H5 (adapted),Mann-Whitney U,13103713626679.0,0.534821272795285,4.377203071261416e-06,Cohen's d
